profileid,education,position,projectsCourses,projectsPersonal,projectsSharedSmall,projectsSharedMedium,projectsSharedLarge,teamsSolo,teamsSmall,teamsMedium,teamsLarge,codeReviews,programmingGeneral,programmingCSharp,comment,idesessionuuid,kaveversion,triggeredat,triggeredby,activewindow,activedocument
cbd2dd71-d462-4454-8702-ea2689871e00,4,5,0,1,1,1,0,1,0,1,0,2,5,6,,f2d01c7c-5ef3-471f-8344-a136c22a1932,0.1004-Default,2016-05-09T21:39:13.1312016+02:00,0,0Win:vsWindowTypeToolWindow Start Page,
cbd2dd71-d462-4454-8702-ea2689871e00,4,5,0,1,1,1,0,1,0,1,0,2,5,6,,c33463ea-8592-45d3-a821-8e194f15bfd1,0.1004-Default,2016-05-16T21:47:10.1571351+02:00,0,0Win:vsWindowTypeToolWindow Start Page,
cbd2dd71-d462-4454-8702-ea2689871e00,4,5,0,1,1,1,0,1,0,1,0,2,5,6,,6d171b9f-9fa8-4cf3-a94b-def213d64af9,0.1004-Default,2016-05-17T23:27:26.9401475+02:00,0,0Win:vsWindowTypeMainWindow Assemble.Publisher - Microsoft Visual Studio (Administrator),
cbd2dd71-d462-4454-8702-ea2689871e00,4,5,0,1,1,1,0,1,0,1,0,2,5,6,,8ae87b46-d67c-40b0-ad92-6733fa163ca7,0.1004-Default,2016-05-25T22:09:08.5245814+02:00,0,0Win:vsWindowTypeDocument HomeController.cs,0Doc:CSharp \Controllers\HomeController.cs
cbd2dd71-d462-4454-8702-ea2689871e00,4,5,0,1,1,1,0,1,0,1,0,2,5,6,,d3b76aa2-57ba-48b6-ae9a-2bdb8385ee1d,0.1004-Default,2016-06-01T19:29:03.0360349+02:00,0,0Win:vsWindowTypeToolWindow Start Page,
cbd2dd71-d462-4454-8702-ea2689871e00,4,5,0,1,1,1,0,1,0,1,0,2,5,6,,77fa3202-a57a-45a1-9e8a-39d99e25592e,0.1004-Default,2016-06-07T22:08:22.395972+02:00,0,0Win:vsWindowTypeDocument Package.dtsx [Design],0Doc:XMLA \PullInAuditData\Package.dtsx
cbd2dd71-d462-4454-8702-ea2689871e00,4,5,0,1,1,1,0,1,0,1,0,2,5,6,,1fc7f22b-4efd-4595-8a81-3809d601a37a,0.1004-Default,2016-06-21T16:35:02.7348384+02:00,0,0Win:vsWindowTypeToolWindow Start Page,
cbd2dd71-d462-4454-8702-ea2689871e00,4,5,0,1,1,1,0,1,0,1,0,2,5,6,,fb24bef7-e52a-43b6-9fe8-fcffaa527b95,0.1010-Default,2016-07-05T23:49:29.9329236+02:00,0,0Win:vsWindowTypeToolWindow Start Page,
cbd2dd71-d462-4454-8702-ea2689871e00,4,5,0,1,1,1,0,1,0,1,0,2,5,6,,56fde61a-dc60-4ca6-9c9c-3fc1c22fad35,0.1010-Default,2016-07-19T22:40:01.7173059+02:00,0,0Win:vsWindowTypeMainWindow MessinAround - Microsoft Visual Studio (Administrator),
cbd2dd71-d462-4454-8702-ea2689871e00,4,5,0,1,1,1,0,1,0,1,0,2,5,6,,f05dbe66-8faa-4dc1-8635-55cb1010dd52,0.1010-Default,2016-07-25T19:02:15.1787715+02:00,0,0Win:vsWindowTypeDocument NuGet - Solution,
cbd2dd71-d462-4454-8702-ea2689871e00,4,5,0,1,1,1,0,1,0,1,0,2,5,6,,e2fbb5df-72af-4bc3-b0fe-6870ada6116a,0.1010-Default,2016-08-03T07:21:58.3560534+02:00,0,0Win:vsWindowTypeToolWindow Start Page,
cbd2dd71-d462-4454-8702-ea2689871e00,4,5,0,1,1,1,0,1,0,1,0,2,5,6,,78bf682b-c7d7-45be-b4e5-fdeb9f5937e2,0.1010-Default,2016-08-19T16:49:02.8641076+02:00,0,0Win:vsWindowTypeToolWindow Start Page,
8bb0ef9a-85a6-4035-a162-87dc6f42128a,1,1,0,1,0,1,0,1,0,1,0,1,7,7,,9ece42a9-8a7f-4e5b-9c88-422caaa863c0,0.1004-Default,2016-05-10T13:55:19.8575408+02:00,0,0Win:vsWindowTypeToolWindow Event Manager,
8bb0ef9a-85a6-4035-a162-87dc6f42128a,1,1,0,1,0,1,0,1,0,1,0,1,7,7,,e8632925-2cb6-451c-a319-23b61cf74a74,0.1004-Default,2016-05-28T15:57:59.8624113+02:00,0,0Win:vsWindowTypeToolWindow Event Manager,0Doc:CSharp \KaVE.FeedbackProcessor\Intervals\IntervalTransformer.cs
8bb0ef9a-85a6-4035-a162-87dc6f42128a,1,1,0,1,0,1,0,1,0,1,0,1,7,7,,10424d13-96c9-48f2-aa6b-33f062012e6f,0.1009-Default,2016-06-03T14:37:40.1387917+02:00,0,0Win:vsWindowTypeToolWindow Start Page,
8bb0ef9a-85a6-4035-a162-87dc6f42128a,1,1,0,1,0,1,0,1,0,1,0,1,7,7,,097b0c35-e33a-454a-9474-dbbefd632ac2,0.1009-Default,2016-06-13T12:04:19.0584679+02:00,0,0Win:vsWindowTypeToolWindow Start Page,
8bb0ef9a-85a6-4035-a162-87dc6f42128a,1,1,0,1,0,1,0,1,0,1,0,1,7,7,,f4b3ecce-e062-4b9e-a3bf-c234ae860cd7,0.1010-Default,2016-06-28T13:14:02.3398512+02:00,0,0Win:vsWindowTypeToolWindow Start Page,
8bb0ef9a-85a6-4035-a162-87dc6f42128a,1,1,0,1,0,1,0,1,0,1,0,1,7,7,,2b345820-89bd-4aeb-aa79-5f161479f455,0.1010-Default,2016-07-06T11:19:33.1438153+02:00,0,0Win:vsWindowTypeDocument ContractDraftController.cs,0Doc:CSharp \EasyContracts\Controllers\ContractDraftController.cs
8bb0ef9a-85a6-4035-a162-87dc6f42128a,1,1,0,1,0,1,0,1,0,1,0,1,7,7,,21767836-fa6e-4ebf-92d1-20633acfed61,0.1010-Default,2016-07-14T19:24:48.6692813+02:00,0,0Win:vsWindowTypeDocument HiwiController.cs,0Doc:CSharp \src\EasyContracts2\Controllers\API\HiwiController.cs
8bb0ef9a-85a6-4035-a162-87dc6f42128a,1,1,0,1,0,1,0,1,0,1,0,1,7,7,,4b6eb35f-9a62-4ec6-823b-39dd06d95b79,0.1010-Default,2016-07-23T00:44:57.9577128+02:00,0,0Win:vsWindowTypeDocument HiwiController.cs,0Doc:CSharp \src\EasyContracts2\Controllers\API\HiwiController.cs
8bb0ef9a-85a6-4035-a162-87dc6f42128a,1,1,0,1,0,1,0,1,0,1,0,1,7,7,,d2f2d74f-22af-41dd-92c4-a52b34423685,0.1010-Default,2016-07-26T21:13:25.3225707+02:00,0,0Win:vsWindowTypeDocument GroupFilterAttribute.cs,0Doc:CSharp \src\EasyContracts2\Filters\GroupFilterAttribute.cs
8bb0ef9a-85a6-4035-a162-87dc6f42128a,1,1,0,1,0,1,0,1,0,1,0,1,7,7,,06827a78-da4d-4f27-a1a0-1e0c42c47e08,0.1010-Default,2016-07-28T22:48:36.9720452+02:00,0,0Win:vsWindowTypeDocument ContractController.cs,0Doc:CSharp \src\EasyContracts2\Controllers\API\ContractController.cs
f857882c-7faa-48f4-87c6-d9ed85181b9b,2,5,0,0,1,1,0,0,1,0,0,2,0,6,,74022880-d0fc-47e6-ae6b-73d52d763f1f,0.1004-Default,2016-05-11T00:03:46.0191448+02:00,0,0Win:vsWindowTypeToolWindow Package Manager Console,0Doc:CSharp \System.Svg.Render.EPL\SvgTextBaseTranslator.cs
c908df1f-e0d7-4451-9dfe-4bcbbcb6db65,5,5,0,0,0,1,0,0,1,0,0,1,6,6,,6df73eb8-8e6a-444d-b61e-a3168fec8b36,0.1004-Default,2016-05-11T10:03:51.9413579+02:00,0,0Win:vsWindowTypeSolutionExplorer Projektmappen-Explorer,
c908df1f-e0d7-4451-9dfe-4bcbbcb6db65,5,5,0,0,0,1,0,0,1,0,0,1,6,6,,9efa27c9-fe04-49a5-bc70-76e9f35f79fb,0.1004-Default,2016-05-16T11:32:19.7434344+02:00,0,0Win:vsWindowTypeOutput Ausgabe,
c908df1f-e0d7-4451-9dfe-4bcbbcb6db65,5,5,0,0,0,1,0,0,1,0,0,1,6,6,,cfbc739a-8f9f-4517-bc0b-ada43dd17ac4,0.1004-Default,2016-05-28T15:14:07.751962+02:00,0,0Win:vsWindowTypeSolutionExplorer Projektmappen-Explorer,
c908df1f-e0d7-4451-9dfe-4bcbbcb6db65,5,5,0,0,0,1,0,0,1,0,0,1,6,6,,2814284d-76df-4b55-b652-82ee4785ca7a,0.1004-Default,2016-06-10T12:36:18.3651208+02:00,0,0Win:vsWindowTypeSolutionExplorer Projektmappen-Explorer,
b98a59e3-4aa1-4053-884e-7e70179575a7,2,5,0,1,1,0,0,1,1,0,0,2,0,5,,c88b9670-9fc6-410e-a92f-0f08ad723e5e,0.1004-Default,2016-05-11T15:02:17.8951973+02:00,0,0Win:vsWindowTypeMainWindow Microsoft Visual Studio,
86351cf4-136f-4095-bfd4-60ee989e8ff6,4,2,0,1,1,0,0,1,1,0,0,2,4,5,,c227f071-18b8-4fcb-8ad1-06a586341e86,0.1004-Default,2016-05-12T15:12:48.2684179+02:00,0,0Win:vsWindowTypeToolWindow Event Manager,
86351cf4-136f-4095-bfd4-60ee989e8ff6,4,2,0,1,1,0,0,1,1,0,0,2,4,5,,60579e14-e0e3-4b6a-8480-6eb0fdc55b42,0.1004-Default,2016-06-04T14:28:53.3454619+02:00,0,0Win:vsWindowTypeToolWindow Start Page,
86351cf4-136f-4095-bfd4-60ee989e8ff6,4,2,0,1,1,0,0,1,1,0,0,2,4,5,,ec28ca84-0acc-4d7d-a81a-960231f05166,0.1011-Default,2016-08-04T14:21:19.7014302+02:00,0,,
153b500c-eb39-45cb-8a5f-8ba9aca0f5d0,2,5,0,0,0,1,0,1,1,0,0,1,5,5,,6a665cfd-cce6-4a68-b09b-a9d6ebb9884a,0.1004-Default,2016-05-13T06:23:31.7112172+02:00,0,0Win:vsWindowTypeToolWindow Start Page,
09ba8b67-6610-4f67-bd8d-f5e44a3e50ff,6,3,1,1,1,1,0,1,1,0,1,1,6,7,,280247e3-73b3-436a-b61f-2e244bacfabf,0.1000-Default,2016-05-13T16:29:50.2120198+02:00,0,0Win:vsWindowTypeDocument Program.fs,0Doc:F# \GenerateRandomHands\Program.fs
09ba8b67-6610-4f67-bd8d-f5e44a3e50ff,6,3,1,1,1,1,0,1,1,0,1,1,6,7,,0111de97-96b7-4c1f-b8bf-9d3d54ac3aba,0.1000-Default,2016-06-03T16:05:01.3242259+02:00,0,0Win:vsWindowTypeDocument Program.cs,0Doc:CSharp \KaVE.ProcessZipFelienne\Program.cs
f4386b50-076a-445c-9256-59158ed351fa,2,1,0,1,0,0,0,0,1,0,0,2,6,6,,37b363b1-9f8b-4865-aa4f-9fce30070a7e,0.1004-Default,2016-05-17T08:31:18.8628847+02:00,0,0Win:vsWindowTypeDocument Build,
fb7fd4db-be80-4b0a-9435-90dbd4848e8e,0,0,0,0,0,0,0,0,0,0,0,0,0,0,,4922a6a8-a78e-49e2-ae7b-e8f68fa70a48,0.1004-Default,2016-05-18T09:50:18.7090497+02:00,0,0Win:vsWindowTypeToolWindow Start Page,
ef45ce27-6cef-44cd-9899-a941aa1c28f6,4,5,0,1,0,1,0,1,0,0,0,0,2,1,,97af6957-7446-4df4-88b5-df5fc9c4a17c,0.1004-Default,2016-05-18T22:30:19.154565+02:00,0,0Win:vsWindowTypeToolWindow Start Page,
1aa8578b-b0c2-441f-80d5-9ae1e97c90fa,2,1,0,1,0,0,0,0,1,0,0,1,6,5,,1dbc03a4-391c-47bf-bab4-289644367d33,0.1004-Default,2016-05-19T22:01:07.4930873+02:00,0,0Win:vsWindowTypeToolWindow Start Page,
1aa8578b-b0c2-441f-80d5-9ae1e97c90fa,2,1,0,1,0,0,0,0,1,0,0,1,6,5,,ad6b33c5-3d51-42f3-b418-1cc1c1a82d52,0.1004-Default,2016-05-24T18:05:23.7660831+02:00,0,0Win:vsWindowTypeToolWindow Start Page,
be003945-099b-4341-9a35-d1803ffcd6af,0,0,0,0,0,1,0,1,0,0,0,0,5,5,,1dc07540-5c03-48a7-a5e0-c9cfe3fa3338,0.1004-Default,2016-05-24T06:40:54.5100461+02:00,0,0Win:vsWindowTypeToolWindow Startseite,
086e44b4-057f-4932-a133-31a7ecd10747,0,0,0,0,0,0,0,0,0,0,0,0,0,0,,7802d9c7-69e3-4ec0-ab35-5e1072f71491,0.1009-Default,2016-06-04T15:12:56.3175587+02:00,0,0Win:vsWindowTypeOutput Output,0Doc:CSharp \eComConnector.Magento\Impl\PrepareUtils.cs
SarojEkka,5,5,0,0,0,0,1,0,0,0,1,1,7,7,,fab7cc09-7af6-46ae-9135-e98d0a3ff774,0.1004-Default,2016-06-06T20:55:57.7872448+02:00,0,0Win:vsWindowTypeToolWindow Start Page,
c06eae48-6a42-41e0-aed1-4fb943168d14,2,5,1,1,1,1,0,1,1,0,0,0,5,5,,fec01e0d-d51c-4043-8961-ec4a49cd20da,0.1009-Default,2016-06-08T09:10:06.9870046+02:00,0,0Win:vsWindowTypeToolWindow Event Manager,
c06eae48-6a42-41e0-aed1-4fb943168d14,2,5,1,1,1,1,0,1,1,0,0,0,5,5,,96f5bcee-7f70-4a1e-add1-cb17fcd10ff0,0.1009-Default,2016-06-08T13:38:06.8691741+02:00,0,0Win:vsWindowTypeToolWindow Event Manager,
9377aee4-055c-423e-a841-6cb8512a4f60,5,5,0,1,0,0,1,0,1,1,0,1,7,7,,2f3b5f71-c6e7-4cd9-81c4-42b72c32828c,0.1009-Default,2016-06-08T16:13:24.8295214+02:00,0,0Win:vsWindowTypeToolWindow Team Explorer - Pending Changes,0Doc:CSharp \Cube4\Controllers\ComplianceController.cs
c1cc9930-ced5-4bf9-ab02-65faaba1ccfa,0,0,0,0,0,0,0,0,0,0,0,0,0,0,,8e6c6297-2eea-4e83-8690-afdd19e3a453,0.1004-Default,2016-06-10T20:49:54.7663483+02:00,0,0Win:vsWindowTypeDocument PersonEditViewModel.cs,0Doc:CSharp personeditviewmodel.cs
c1cc9930-ced5-4bf9-ab02-65faaba1ccfa,0,0,0,0,0,0,0,0,0,0,0,0,0,0,,a8caf07d-2998-465b-a5f5-e5956c6b24a8,0.1010-Default,2016-06-18T15:12:45.317305+02:00,0,0Win:vsWindowTypeDocument PersonEditWindow.xaml,0Doc:XAML \TOM\View\PersonEditWindow.xaml
7b5edc53-2f90-47c9-a62f-68515117cfed,2,5,0,0,1,1,1,1,1,1,0,0,5,5,,d09e9668-e69a-492e-90c5-db060c950e09,0.1010-Default,2016-06-14T18:29:21.0903586+02:00,0,0Win:vsWindowTypeToolWindow Start Page,
60b1658a-7d06-4529-a11b-a8fbf5e2f8e5,0,0,0,0,0,0,1,1,0,0,0,0,7,7,,bb006899-9114-4e71-a9bc-add376b957e0,0.1010-Default,2016-06-16T12:20:05.9124378+02:00,0,0Win:vsWindowTypeDocument ChildWindow.xaml,0Doc:XAML \TOM\View\ChildWindow.xaml
3937231c-efbf-4a69-b127-9b2a3a0b830c,4,5,0,0,0,0,1,0,0,1,0,1,6,6,,28521f9b-53e5-4760-88b8-d343bf9ec7d6,0.1001-Default,2016-06-16T20:16:22.9189964+02:00,0,0Win:vsWindowTypeDocument CopyAndChangeRoutesController.cs,0Doc:CSharp \ServiceAssistant\Areas\Utilities\Controllers\CopyAndChangeRoutesController.cs
6c5bcfc2-e812-438b-aa7b-9d7b18bbcb23,5,5,0,1,0,0,0,1,0,1,0,2,6,7,,a4f7ac59-4b54-4d4e-976a-8262df39c05a,0.1009-Default,2016-06-20T08:24:22.958742+02:00,0,0Win:vsWindowTypeToolWindow Source Control Explorer,
6c5bcfc2-e812-438b-aa7b-9d7b18bbcb23,5,5,0,1,0,0,0,1,0,1,0,2,6,7,,f910603a-b704-419e-8a38-cf23801fd4b7,0.1010-Default,2016-07-03T11:25:26.8955669+02:00,0,0Win:vsWindowTypeToolWindow Start Page,
6c5bcfc2-e812-438b-aa7b-9d7b18bbcb23,5,5,0,1,0,0,0,1,0,1,0,2,6,7,,fb277542-c37c-4fd4-adf8-96d217026288,0.1012-Default,2016-08-20T10:31:34.5514981+02:00,0,,
6c5bcfc2-e812-438b-aa7b-9d7b18bbcb23,5,5,0,1,0,0,0,1,0,1,0,2,6,7,,aa05cba1-88af-4b1c-ae4e-f7fd64fbfe72,0.1012-Default,2016-08-21T13:49:41.4111029+02:00,0,,
6c5bcfc2-e812-438b-aa7b-9d7b18bbcb23,5,5,0,1,0,0,0,1,0,1,0,2,6,7,,aa05cba1-88af-4b1c-ae4e-f7fd64fbfe72,0.1012-Default,2016-08-21T13:49:41.4111029+02:00,0,0Win:vsWindowTypeOutput Output,
6c5bcfc2-e812-438b-aa7b-9d7b18bbcb23,5,5,0,1,0,0,0,1,0,1,0,2,6,7,,857fdac0-81a7-49b5-9093-a186d12371a5,0.1012-Default,2016-10-20T08:17:12.9374809+02:00,0,,
6c5bcfc2-e812-438b-aa7b-9d7b18bbcb23,5,5,0,1,0,0,0,1,0,1,0,2,6,7,,3ee469b7-7226-486a-aff3-fdd0fe0ed9ff,0.1012-Default,2016-10-23T11:32:19.4423551+02:00,0,,
e9ea9a05-db07-411c-989e-33868928651d,0,0,0,0,0,0,0,0,0,0,0,0,0,0,,0a4247b5-a807-47ce-8595-90b691875e52,0.1000-Default,2016-04-13T14:45:49.6448389+02:00,0,0Win:vsWindowTypeDocument RandomizedModelEnabler.cs,0Doc:CSharp \KaVE.VS.FeedbackGenerator\CodeCompletion\RandomizedModelEnabler.cs
e9ea9a05-db07-411c-989e-33868928651d,0,0,0,0,0,0,0,0,0,0,0,0,0,0,,b9c995a1-5d2f-4eaf-a0d3-e4fc5ba663da,0.1003-Default,2016-04-27T15:35:08.5448591+02:00,0,0Win:vsWindowTypeToolWindow Start Page,
e9ea9a05-db07-411c-989e-33868928651d,0,0,0,0,0,0,0,0,0,0,0,0,0,0,,8ea04c41-dc4e-4c47-9c40-5bc2dd94fa3a,0.1010-Default,2016-06-29T14:52:57.3696812+02:00,0,0Win:vsWindowTypeDocument GitEventGeneratorIntegrationTest.cs,0Doc:CSharp \KaVE.VS.FeedbackGenerator.Tests\Generators\Git\GitEventGeneratorIntegrationTest.cs
1b3a91f0-7a86-45d5-8299-f4bf55eada50,5,5,0,1,1,1,1,1,1,1,1,1,4,3,,27b78558-6d6c-4a3a-8ca5-d0ac5f92ba47,0.1010-Default,2016-07-12T13:30:49.9462211+02:00,0,0Win:vsWindowTypeToolWindow Start Page,
1b3a91f0-7a86-45d5-8299-f4bf55eada50,5,5,0,1,1,1,1,1,1,1,1,1,4,3,,442e758e-99ac-48f6-b4d0-0c67d206fe12,0.1010-Default,2016-08-04T15:37:22.5017399+02:00,0,0Win:vsWindowTypeToolWindow Start Page,
1b3a91f0-7a86-45d5-8299-f4bf55eada50,5,5,0,1,1,1,1,1,1,1,1,1,4,3,,ad0ed819-26c4-4b80-ba2f-b181c8b70af2,0.1010-Default,2016-08-09T12:12:41.0246302+02:00,0,0Win:vsWindowTypeToolWindow Unit Test Sessions - GenerateFaultTreeOnDiagramTest,0Doc:CSharp \EnterTheDOORAddin\FaultTree\FaultTreeProcessor.cs
1b3a91f0-7a86-45d5-8299-f4bf55eada50,5,5,0,1,1,1,1,1,1,1,1,1,4,3,,74db097a-c2ab-4e3e-a93d-917644757593,0.1010-Default,2016-09-03T15:40:16.0639556+02:00,0,0Win:vsWindowTypeDocument FaultTreeProcessor.cs,0Doc:CSharp \EnterTheDOORAddin\FaultTree\FaultTreeProcessor.cs
1b3a91f0-7a86-45d5-8299-f4bf55eada50,5,5,0,1,1,1,1,1,1,1,1,1,4,3,,4bbaf087-a028-4bb8-97f2-d08726755fb2,0.1010-Default,2016-09-28T10:01:04.4011695+02:00,0,0Win:vsWindowTypeToolWindow Start Page,
1b3a91f0-7a86-45d5-8299-f4bf55eada50,5,5,0,1,1,1,1,1,1,1,1,1,4,3,,a42402f2-806b-48e2-83f6-1d28e049f344,0.1014-Default,2016-10-06T15:22:11.6924429+02:00,0,,
486e32bc-05cf-47f0-88c7-9a19241aca7b,5,3,0,1,0,0,0,1,1,0,0,2,5,5,,c246d841-990b-4a60-88f7-adfdf99add1c,0.1010-Default,2016-07-12T23:50:46.6954544+02:00,0,0Win:vsWindowTypeDocument TraitFinder.cs,0Doc:CSharp \Generator\TraitFinder.cs
486e32bc-05cf-47f0-88c7-9a19241aca7b,5,3,0,1,0,0,0,1,1,0,0,2,5,5,,7e31b84a-60bf-4c0b-8074-de697e5f02af,0.1010-Default,2016-07-14T00:03:20.9138301+02:00,0,0Win:vsWindowTypeToolWindow Event Manager,0Doc:CSharp \Generator\TraitFinder.cs
486e32bc-05cf-47f0-88c7-9a19241aca7b,5,3,0,1,0,0,0,1,1,0,0,2,5,5,,7e5ee899-bca9-4db3-9305-aaf33ab3c804,0.1010-Default,2016-07-14T17:01:31.3544941+02:00,0,0Win:vsWindowTypeToolWindow Event Manager,0Doc:XML \SimpleTraitsSample\App.config
486e32bc-05cf-47f0-88c7-9a19241aca7b,5,3,0,1,0,0,0,1,1,0,0,2,5,5,,7ca450a0-cca9-4753-8683-6b86d3324523,0.1010-Default,2016-07-18T23:22:03.6123332+02:00,0,0Win:vsWindowTypeToolWindow Event Manager,0Doc:CSharp \Generator\TraitSourceGenerator.cs
486e32bc-05cf-47f0-88c7-9a19241aca7b,5,3,0,1,0,0,0,1,1,0,0,2,5,5,,3d97c65f-4e55-4c28-ad00-0aababc06a38,0.1010-Default,2016-07-20T20:35:38.0190734+02:00,0,0Win:vsWindowTypeToolWindow Event Manager,0Doc:CSharp \Generator\TraitSourceGenerator.cs
486e32bc-05cf-47f0-88c7-9a19241aca7b,5,3,0,1,0,0,0,1,1,0,0,2,5,5,,ec958239-3aea-4d86-919f-72cdadd0daab,0.1010-Default,2016-07-22T01:19:00.4264326+02:00,0,0Win:vsWindowTypeToolWindow Event Manager,0Doc:CSharp \Generator\TraitSourceGenerator.cs
486e32bc-05cf-47f0-88c7-9a19241aca7b,5,3,0,1,0,0,0,1,1,0,0,2,5,5,,d80ba668-7df2-4f09-be69-4a9627b18175,0.1010-Default,2016-07-23T18:12:35.2071071+02:00,0,0Win:vsWindowTypeToolWindow Event Manager,
486e32bc-05cf-47f0-88c7-9a19241aca7b,0,0,0,0,0,0,0,0,0,0,0,0,0,0,,8f8a4a8c-e6bc-427c-80e1-7a64d5c2596d,0.1010-Default,2016-07-25T11:47:23.8083047+02:00,0,0Win:vsWindowTypeToolWindow Event Manager,
e0eb3bc2-5481-4d11-ac34-7efa22c80e48,0,0,0,0,0,0,0,0,0,0,0,0,0,0,,4b868688-f7c1-4454-b4dd-77b53f04a5e3,0.1010-Default,2016-07-19T12:20:26.2777255+02:00,0,0Win:vsWindowTypeDocument Program.cs,0Doc:CSharp \OAuthHMAC.ConsoleApplication\Program.cs
b7874842-ef92-4cbc-8160-1ab0b90ea507,0,0,0,0,0,0,0,0,0,0,0,0,0,0,,fc66d70f-ec57-44df-9ac4-821f05798277,0.1010-Default,2016-07-28T00:02:00.4474703+02:00,0,0Win:vsWindowTypeToolWindow Start Page,
b7874842-ef92-4cbc-8160-1ab0b90ea507,0,0,0,0,0,0,0,0,0,0,0,0,0,0,,2cf77174-0e13-4481-938e-ed2739254b22,0.1013-Default,2016-11-09T11:52:09.4658641+01:00,0,,
b7874842-ef92-4cbc-8160-1ab0b90ea507,0,0,0,0,0,0,0,0,0,0,0,0,0,0,,025a27fe-4e38-4a2c-ba49-dfe46f70958c,0.1013-Default,2017-01-03T15:03:05.4936315+01:00,0,,
133e32df-50ce-4ca8-97ab-c77629e46b2d,0,0,0,0,0,0,0,0,0,0,0,0,0,0,,7e74674c-ddd5-495d-9c03-ae85a258e527,0.1010-Default,2016-07-29T17:46:58.8380024+02:00,0,0Win:vsWindowTypeDocument eReviewExplorerJobLookupRow.cs,0Doc:CSharp \PresentationLayer\CustomJobInfo\iReview\eReviewExplorerJobLookupRow.cs
133e32df-50ce-4ca8-97ab-c77629e46b2d,2,5,0,1,0,1,1,1,0,1,1,2,5,6,,36b84291-90a4-4d7a-951e-fd523aa8fa77,0.1010-Default,2016-08-01T15:39:59.0827539+02:00,0,0Win:vsWindowTypeSolutionExplorer Solution Explorer,
863f1bff-1150-4559-8a14-e3f0d8bcb49f,5,5,0,0,0,0,1,1,1,1,1,0,7,7,,0399f470-bfed-4113-b150-441bab10d4a4,0.1010-Default,2016-08-03T18:12:06.4181068+02:00,0,0Win:vsWindowTypeToolWindow Properties,
863f1bff-1150-4559-8a14-e3f0d8bcb49f,5,5,0,0,0,0,1,1,1,1,1,0,7,7,,f684dd61-d76c-4161-ba95-606b0a94e6ff,0.1010-Default,2016-08-15T21:06:26.3533765+02:00,0,0Win:vsWindowTypeDocument Web.config,0Doc:XML \DocDbNetApi\Web.config
863f1bff-1150-4559-8a14-e3f0d8bcb49f,5,5,0,0,0,0,1,1,1,1,1,1,7,7,,cbbd4787-ccb0-494c-9574-ac8ca9934f6d,0.1010-Default,2016-08-23T16:50:50.7308965+02:00,0,0Win:vsWindowTypeToolWindow Start Page,
01b6b5e8-1c9a-4eec-9ba5-d29423145d37,4,5,0,0,0,1,0,0,0,1,0,1,7,7,,60a1a412-aeaf-4e17-983b-afa364c56ebc,0.1011-Default,2016-08-06T14:40:33.7460302+02:00,0,,
fc69fbeb-c2b7-462f-97b8-ca8bc187446e,2,2,1,1,0,1,0,1,1,0,0,2,2,3,,95f624d1-d89e-4b9f-9256-d73915748e5d,0.1012-Default,2016-08-09T21:02:20.0387982+02:00,0,,
fc69fbeb-c2b7-462f-97b8-ca8bc187446e,2,2,1,1,0,1,0,1,1,0,0,2,2,3,,bfa0230b-587a-4efa-9fe4-9fd32c944356,0.1012-Default,2016-08-10T21:24:26.1633443+02:00,0,0Win:vsWindowTypeDocument Method_ModelView.cs,0Doc:CSharp method_modelview.cs
fc69fbeb-c2b7-462f-97b8-ca8bc187446e,2,2,1,1,0,1,0,1,1,0,0,2,2,3,,bfa0230b-587a-4efa-9fe4-9fd32c944356,0.1012-Default,2016-08-10T21:24:26.1633443+02:00,0,,
fc69fbeb-c2b7-462f-97b8-ca8bc187446e,2,2,1,1,0,1,0,1,1,0,0,2,2,3,,05294a7c-68d9-45e8-91c7-0ca5d154e4b5,0.1012-Default,2016-08-18T21:00:48.5262047+02:00,0,0Win:vsWindowTypeDocument MainMethodBuilderView.xaml,0Doc:XAML mainmethodbuilderview.xaml
fc69fbeb-c2b7-462f-97b8-ca8bc187446e,2,2,1,1,0,1,0,1,1,0,0,2,2,3,,05294a7c-68d9-45e8-91c7-0ca5d154e4b5,0.1012-Default,2016-08-18T21:00:48.5262047+02:00,0,,
fc69fbeb-c2b7-462f-97b8-ca8bc187446e,2,2,1,1,0,1,0,1,1,0,0,2,2,3,,05294a7c-68d9-45e8-91c7-0ca5d154e4b5,0.1012-Default,2016-08-19T22:57:38.5607978+02:00,0,0Win:vsWindowTypeDocument Method_ModelView.cs,0Doc:CSharp Method_ModelView.cs
fc69fbeb-c2b7-462f-97b8-ca8bc187446e,2,2,1,1,0,1,0,1,1,0,0,2,2,3,,05294a7c-68d9-45e8-91c7-0ca5d154e4b5,0.1012-Default,2016-08-19T22:57:38.5607978+02:00,0,,
9b491dcb-784f-4927-9048-e744bbe34f22,4,5,0,1,0,1,0,0,1,0,0,1,5,5,,092047b4-0289-4e22-af5e-057b6ea2768f,0.1010-Default,2016-08-10T21:20:56.4487126+02:00,0,0Win:vsWindowTypeToolWindow Team Explorer - Synchronization,0Doc:CSharp \PGen\Utils\ComplexityCalc.cs
9b491dcb-784f-4927-9048-e744bbe34f22,4,5,0,1,0,1,0,0,1,0,0,1,5,5,,1d36ed88-47f7-409b-8836-5ca9fc4dd243,0.1012-Default,2016-09-10T21:29:38.9420543+02:00,0,,
9b491dcb-784f-4927-9048-e744bbe34f22,4,5,0,1,0,1,0,0,1,0,0,1,5,5,,a21c514f-d6ea-42d7-8ed3-e00c0b3772d9,0.1012-Default,2016-11-16T12:18:53.0446584+01:00,0,,
9b491dcb-784f-4927-9048-e744bbe34f22,4,5,0,1,0,1,0,0,1,0,0,1,5,5,,9c76031b-1bac-40d3-9e40-6233185314bc,0.1012-Default,2016-11-24T18:25:17.0394266+01:00,0,,
9b491dcb-784f-4927-9048-e744bbe34f22,4,5,0,1,0,1,0,0,1,0,0,1,5,5,,90ef83b4-5b85-4e20-84c4-08b7deddb09f,0.1012-Default,2016-12-07T03:55:44.1845436+01:00,0,,
e8f48174-61ed-4828-a48c-e219d4e70697,5,5,0,0,0,1,1,0,0,0,1,1,5,7,,af5a8d35-848d-4961-b1b2-0ad871fff369,0.1003-Default,2016-08-13T08:56:06.2317441+02:00,0,0Win:vsWindowTypeDocument AdminNewsController.cs,0Doc:CSharp \Emso.WebUi\Controllers\AdminNewsController.cs
454d600d-6070-44b9-bd5d-fb51eeea28c2,5,5,0,1,0,1,1,1,1,0,0,2,5,6,,06dbb3f5-243d-407a-bdca-1923e89365a1,0.1012-Default,2016-08-22T12:05:26.8193192+02:00,0,,
454d600d-6070-44b9-bd5d-fb51eeea28c2,5,5,0,1,0,1,1,1,1,0,0,2,5,6,,f054ccac-f2ce-48d0-8b14-6ad524ae3ae4,0.1012-Default,2016-09-06T23:09:05.3471227+02:00,0,,
454d600d-6070-44b9-bd5d-fb51eeea28c2,5,5,0,1,0,1,1,1,1,0,0,2,5,6,,f054ccac-f2ce-48d0-8b14-6ad524ae3ae4,0.1012-Default,2016-09-06T23:09:05.3471227+02:00,0,0Win:vsWindowTypeDocument GCop.json,0Doc:Plain Text \GCop.json
454d600d-6070-44b9-bd5d-fb51eeea28c2,5,5,0,1,0,1,1,1,1,0,0,2,5,6,,f3145f8d-1e18-4aea-b520-9662f8abd24f,0.1012-Default,2016-09-09T04:13:09.9500878+02:00,0,,
2bdee920-4b8a-47e4-b358-2a5c932df671,0,0,1,0,0,0,0,0,0,1,0,0,5,5,,348a7fc7-b27c-4efd-8bcc-92eb22cba699,0.1012-Default,2016-08-25T04:49:12.7248191+02:00,0,,
2bdee920-4b8a-47e4-b358-2a5c932df671,0,0,1,0,0,0,0,0,0,1,0,0,5,5,,6a48e766-1d9e-4378-9803-c18586a32eb2,0.1012-Default,2016-08-29T03:17:31.5537924+02:00,0,,
2bdee920-4b8a-47e4-b358-2a5c932df671,0,0,1,0,0,0,0,0,0,1,0,0,5,5,,3ab9e584-06b7-4f6d-97cc-2aafc345c4c7,0.1012-Default,2016-09-12T04:11:03.9206498+02:00,0,,
2bdee920-4b8a-47e4-b358-2a5c932df671,0,0,1,0,0,0,0,0,0,1,0,0,5,5,,0a224812-8e75-4bf9-995a-c3b5c1407aad,0.1012-Default,2016-09-13T07:57:28.5834851+02:00,0,,
2bdee920-4b8a-47e4-b358-2a5c932df671,0,0,1,0,0,0,0,0,0,1,0,0,5,5,,270381c5-c414-4780-88bf-522c0528ebd0,0.1012-Default,2016-09-28T04:10:29.2889542+02:00,0,,
2bdee920-4b8a-47e4-b358-2a5c932df671,0,0,1,0,0,0,0,0,0,1,0,0,5,5,,2a4ce90c-5739-45d5-b219-0f534791686e,0.1012-Default,2016-10-08T08:47:27.8885019+02:00,0,,
2bdee920-4b8a-47e4-b358-2a5c932df671,0,0,1,0,0,0,0,0,0,1,0,0,5,5,,23452b11-6492-43dc-90b3-d3c1f682cd38,0.1012-Default,2016-10-24T08:34:48.9067951+02:00,0,,
2bdee920-4b8a-47e4-b358-2a5c932df671,0,0,1,0,0,0,0,0,0,1,0,0,5,5,,b31d55ce-d6f2-4e25-944e-c656d3f3cde7,0.1012-Default,2016-10-26T04:04:09.3109863+02:00,0,,
2bdee920-4b8a-47e4-b358-2a5c932df671,0,0,1,0,0,0,0,0,0,1,0,0,5,5,,b31d55ce-d6f2-4e25-944e-c656d3f3cde7,0.1012-Default,2016-10-26T04:04:09.3109863+02:00,0,0Win:vsWindowTypeDocument AnimationTrigger.cs,0Doc:CSharp \Assets\AnimationTrigger.cs
2bdee920-4b8a-47e4-b358-2a5c932df671,0,0,1,0,0,0,0,0,0,1,0,0,5,5,,61da58f0-c31c-4d48-a56d-5728c5a14903,0.1012-Default,2016-12-13T07:40:14.1067382+01:00,0,,
2bdee920-4b8a-47e4-b358-2a5c932df671,0,0,1,0,0,0,0,0,0,1,0,0,5,5,,4bc44c5c-2e22-4886-a8de-53394407015f,0.1012-Default,2016-12-15T03:28:51.5102651+01:00,0,,
2bdee920-4b8a-47e4-b358-2a5c932df671,0,0,1,0,0,0,0,0,0,1,0,0,5,5,,2eb71f86-b1e6-471f-9e4b-6a6b02dafd2f,0.1012-Default,2016-12-22T06:32:14.3759235+01:00,0,,
2bdee920-4b8a-47e4-b358-2a5c932df671,0,0,1,0,0,0,0,0,0,1,0,0,5,5,,80341a54-7352-4926-b576-c39cebb70beb,0.1012-Default,2016-12-29T03:04:51.7317947+01:00,0,,
2bdee920-4b8a-47e4-b358-2a5c932df671,0,0,1,0,0,0,0,0,0,1,0,0,5,5,,bf23baac-bb79-4668-85f1-b2d67587aa60,0.1012-Default,2017-01-03T04:36:00.4967053+01:00,0,0Win:vsWindowTypeDocument ArModelVideoImageTargetBehaviour.cs,0Doc:CSharp \Assets\ArModelVideoImageTargetBehaviour.cs
2bdee920-4b8a-47e4-b358-2a5c932df671,0,0,1,0,0,0,0,0,0,1,0,0,5,5,,bf23baac-bb79-4668-85f1-b2d67587aa60,0.1012-Default,2017-01-03T04:36:00.4967053+01:00,0,,
48e1c9ac-bea8-4bea-b489-32d48721c7c1,5,5,0,0,0,1,0,0,0,1,0,2,5,6,,865fa5ed-91b1-4e4f-b297-436e7e1f8ec2,0.1014-Default,2016-09-21T11:22:29.1718983+02:00,0,,
48e1c9ac-bea8-4bea-b489-32d48721c7c1,5,5,0,0,0,1,0,0,0,1,0,2,5,6,,865fa5ed-91b1-4e4f-b297-436e7e1f8ec2,0.1014-Default,2016-09-21T11:22:29.1718983+02:00,0,0Win:vsWindowTypeDocument server.config.json,0Doc:JSON \Rio.Server\server.config.json
135bcef0-335e-41f5-a213-18b3cca7ec63,5,5,0,0,0,0,1,0,1,0,0,0,6,6,,73cfff3e-313a-41d3-ab20-eb03138fc620,0.1003-Default,2016-09-21T05:53:52.7409289+02:00,0,0Win:vsWindowTypeToolbox Toolbox,
135bcef0-335e-41f5-a213-18b3cca7ec63,5,5,0,0,0,0,1,0,1,0,0,0,6,6,,ead78963-c343-4a28-b1ae-607efbdf21f2,0.1003-Default,2016-09-29T07:16:07.6087677+02:00,0,0Win:vsWindowTypeDocument Parse.cs,0Doc:CSharp parse.cs
b70316b2-e87e-45bd-9d0b-030c7aae29d8,0,0,0,0,0,0,0,0,0,0,0,0,0,0,,73ccab65-722b-4b04-9b77-44d05bc238c6,0.1014-Default,2016-09-26T06:56:38.2079513+02:00,0,,
96efee4c-5f15-4d13-94d3-16cdc88d3976,0,0,0,0,0,0,0,0,0,0,0,0,0,0,,5929cf92-e892-4048-9156-3b0d557b18ee,0.1014-Default,2016-09-26T16:08:40.4928397+02:00,0,0Win:vsWindowTypeToolWindow Start Page,
96efee4c-5f15-4d13-94d3-16cdc88d3976,0,0,0,0,0,0,0,0,0,0,0,0,0,0,,5929cf92-e892-4048-9156-3b0d557b18ee,0.1014-Default,2016-09-26T16:08:40.4928397+02:00,0,,
1bb237f7-4b01-4cea-8f6a-a8dcaee31d27,2,5,0,0,1,1,0,0,1,0,0,2,5,6,,239cd796-d904-4f00-a1fe-ae9c0812f923,0.1014-Default,2016-09-26T18:02:12.7799849+02:00,0,0Win:vsWindowTypeSolutionExplorer Solution Explorer,0Doc:CSharp homecontroller.cs
1bb237f7-4b01-4cea-8f6a-a8dcaee31d27,2,5,0,0,1,1,0,0,1,0,0,2,5,6,,239cd796-d904-4f00-a1fe-ae9c0812f923,0.1014-Default,2016-09-26T18:02:12.7799849+02:00,0,,
e6b1d919-9121-47f6-8c6d-6cc39191cbe3,4,5,0,1,1,1,1,1,1,1,0,1,6,6,,adebabc4-99d9-41ae-ad5a-7775fdc728c2,0.1013-Default,2016-09-28T12:48:54.9472854+02:00,0,,
e6b1d919-9121-47f6-8c6d-6cc39191cbe3,4,5,0,1,1,1,1,1,1,1,0,1,6,6,,adebabc4-99d9-41ae-ad5a-7775fdc728c2,0.1013-Default,2016-09-28T12:48:54.9472854+02:00,0,0Win:vsWindowTypeOutput Output,0Doc:CSharp \BoardPad.Core\Services\ReadingRooms\WaitForFullReadingRoomSynchronizationDecorator.cs
fd6e50d3-563e-4037-8035-56e7bfb70dfa,0,0,0,0,0,0,0,0,0,0,0,0,0,0,,cb1dabb1-d97c-4dff-86f1-33141bbd7f95,0.1013-Default,2016-10-04T05:02:07.6733982+02:00,0,0Win:vsWindowTypeDocument Program.cs,0Doc:CSharp \BattleshipHiddenThreat\Program.cs
fd6e50d3-563e-4037-8035-56e7bfb70dfa,0,0,0,0,0,0,0,0,0,0,0,0,0,0,,cb1dabb1-d97c-4dff-86f1-33141bbd7f95,0.1013-Default,2016-10-04T05:02:07.6733982+02:00,0,,
09a2cdf1-a20e-416b-bf36-79695bffe652,4,2,0,1,0,0,0,0,0,0,0,0,3,3,,936119f5-65b6-4a15-b195-f7a096a3f174,0.1014-Default,2016-10-04T16:35:36.8776411+02:00,0,,
09a2cdf1-a20e-416b-bf36-79695bffe652,4,2,0,1,0,0,0,0,0,0,0,0,3,3,,2cc676ac-25f8-4afd-9d5c-41377f10f278,0.1014-Default,2016-10-20T15:39:29.5837208+02:00,0,,
09a2cdf1-a20e-416b-bf36-79695bffe652,4,2,0,1,0,0,0,0,0,0,0,0,3,3,,2cc676ac-25f8-4afd-9d5c-41377f10f278,0.1014-Default,2016-10-20T15:39:29.5837208+02:00,0,0Win:vsWindowTypeToolWindow Start Page,
09a2cdf1-a20e-416b-bf36-79695bffe652,4,2,0,1,0,0,0,0,0,0,0,0,3,3,,59b35a9c-a2a2-4fed-b698-406d30ee6df1,0.1014-Default,2016-11-02T15:16:02.9943332+01:00,0,,
09a2cdf1-a20e-416b-bf36-79695bffe652,4,2,0,1,0,0,0,0,0,0,0,0,3,3,,fa14e3d6-6e3c-4941-9687-df4ba4c110ea,0.1014-Default,2016-11-14T16:29:10.2680242+01:00,0,,
09a2cdf1-a20e-416b-bf36-79695bffe652,4,2,0,1,0,0,0,0,0,0,0,0,3,3,,fa14e3d6-6e3c-4941-9687-df4ba4c110ea,0.1014-Default,2016-11-14T16:29:10.2680242+01:00,0,0Win:vsWindowTypeToolWindow Start Page,
09a2cdf1-a20e-416b-bf36-79695bffe652,4,2,0,1,0,0,0,0,0,0,0,0,3,3,,660186cd-61dc-409b-aea3-1ff78864cce4,0.1014-Default,2016-11-17T17:41:17.7259352+01:00,0,,
7ae0d636-08b4-4cc4-b312-c2d149dfea6b,2,5,0,0,1,0,1,1,0,0,0,0,6,3,,1ff78c1a-290f-4a32-af9d-aa8a3e7c6658,0.1014-Default,2016-10-07T08:43:14.7732497+02:00,0,,
7ae0d636-08b4-4cc4-b312-c2d149dfea6b,2,5,0,0,1,0,1,1,0,0,0,0,6,3,,1ff78c1a-290f-4a32-af9d-aa8a3e7c6658,0.1014-Default,2016-10-07T08:43:14.7732497+02:00,0,0Win:vsWindowTypeSolutionExplorer Solution Explorer,0Doc:Basic \OutlookAddIn\ThisAddIn.vb
7ae0d636-08b4-4cc4-b312-c2d149dfea6b,2,5,0,0,1,0,1,1,0,0,0,0,6,3,,d417f28b-d386-4b74-ba8f-e6c3ffb08884,0.1014-Default,2016-10-26T04:32:15.2741261+02:00,0,,
7ae0d636-08b4-4cc4-b312-c2d149dfea6b,2,5,0,0,1,0,1,1,0,0,0,0,6,3,,cb434380-3c92-4d8a-a637-b4088c9c9a98,0.1014-Default,2016-11-07T10:51:30.8419153+01:00,0,,
7ae0d636-08b4-4cc4-b312-c2d149dfea6b,2,5,0,0,1,0,1,1,0,0,0,0,6,3,,94b15f9d-827e-4d1c-a240-0df58aab2725,0.1014-Default,2016-11-18T11:35:03.3200996+01:00,0,,
7ae0d636-08b4-4cc4-b312-c2d149dfea6b,2,5,0,0,1,0,1,1,0,0,0,0,6,3,,94b15f9d-827e-4d1c-a240-0df58aab2725,0.1014-Default,2016-11-28T12:45:01.7808342+01:00,0,,
7ae0d636-08b4-4cc4-b312-c2d149dfea6b,2,5,0,0,1,0,1,1,0,0,0,0,6,3,,35d49e56-5e0b-4a1b-a656-b34c7518ef7e,0.1014-Default,2016-12-01T12:03:28.4553896+01:00,0,,
7ae0d636-08b4-4cc4-b312-c2d149dfea6b,2,5,0,0,1,0,1,1,0,0,0,0,6,3,,34a7f22c-7840-4a86-906c-bdc6f732bbf0,0.1014-Default,2016-12-08T12:32:44.2369508+01:00,0,,
7ae0d636-08b4-4cc4-b312-c2d149dfea6b,2,5,0,0,1,0,1,1,0,0,0,0,6,3,,deda33c5-342b-4d00-973e-605668f1ffd6,0.1014-Default,2017-01-02T10:28:33.4549877+01:00,0,,
7ae0d636-08b4-4cc4-b312-c2d149dfea6b,2,5,0,0,1,0,1,1,0,0,0,0,6,3,,13f2bdd3-f0c0-4fb2-bfd1-331d5dcce92f,0.1014-Default,2017-01-31T10:03:07.4051006+01:00,0,,
e1dc612a-0770-4d44-bdc9-d504999c792e,0,0,0,0,0,0,0,0,0,0,0,0,0,0,,1ef3de35-6ca0-460c-a8c3-0a8bd8e27dc6,0.1013-Default,2016-10-12T17:13:46.1220786+02:00,0,,
4bb37f38-d001-48ca-8663-b9a6dae0fe10,0,0,0,0,0,0,0,0,0,0,0,0,0,0,,5f7dae3e-f745-4214-b5ef-64044318b391,0.1013-Default,2016-10-28T08:56:54.8148055+02:00,0,,
4bb37f38-d001-48ca-8663-b9a6dae0fe10,0,0,0,0,0,0,0,0,0,0,0,0,0,0,,5f7dae3e-f745-4214-b5ef-64044318b391,0.1013-Default,2016-10-28T08:56:54.8148055+02:00,0,0Win:vsWindowTypeToolbox Toolbox,
4bb37f38-d001-48ca-8663-b9a6dae0fe10,0,0,0,0,0,0,0,0,0,0,0,0,0,0,,5f817b6b-f920-4f58-bd2d-7121a85a2196,0.1013-Default,2016-11-11T07:28:01.4613446+01:00,0,,
4bb37f38-d001-48ca-8663-b9a6dae0fe10,0,0,0,0,0,0,0,0,0,0,0,0,0,0,,5f817b6b-f920-4f58-bd2d-7121a85a2196,0.1013-Default,2016-11-11T07:28:01.4613446+01:00,0,0Win:vsWindowTypeToolWindow Start Page,
858eed1c-e972-4672-9715-820086d3bbd2,2,5,0,1,1,1,1,1,1,1,1,1,5,6,,4bb3149d-b42c-4eb8-8abe-898e9cb53bad,0.1014-Default,2016-10-30T00:22:52.1100098+02:00,0,,
6e450d1f-17fa-464e-96bc-f417b4cd881f,4,5,0,1,1,1,1,0,1,1,0,1,7,7,,a562de87-6b77-4abe-84da-52efa144101f,0.1014-Default,2016-11-02T08:14:30.4311442+01:00,0,,
0eac3839-1cb0-4716-bdeb-3b0f2c291e82,5,4,0,0,1,0,0,0,1,0,0,1,3,3,,f0634bb0-fd94-46c2-8e91-aafaa7e9a82c,0.1014-Default,2016-11-16T06:29:52.450063+01:00,0,0Win:vsWindowTypeDocument ApDcfViewModel.cs,0Doc:CSharp \AspnetIdentitySample\ViewModels\ApDcfViewModel.cs
0eac3839-1cb0-4716-bdeb-3b0f2c291e82,5,4,0,0,1,0,0,0,1,0,0,1,3,3,,f0634bb0-fd94-46c2-8e91-aafaa7e9a82c,0.1014-Default,2016-11-16T06:29:52.450063+01:00,0,,
a4241afb-d330-4960-a8c7-9ce2e8722426,0,0,1,0,0,0,0,1,1,0,0,0,4,4,,8744f4aa-ce5b-4e87-8e8d-c92b5aaee827,0.1014-Default,2016-11-23T21:28:55.9770559+01:00,0,0Win:vsWindowTypeDocument Node.cs,0Doc:CSharp node.cs
fae623e6-ab30-452a-8395-0873bb6bdec1,0,0,0,0,0,0,0,0,0,0,0,0,0,0,,90539fef-7fc3-4506-baf0-83fcf319fad9,0.1014-Default,2016-12-01T11:21:24.2945509+01:00,0,,
fae623e6-ab30-452a-8395-0873bb6bdec1,0,0,0,0,0,0,0,0,0,0,0,0,0,0,,90539fef-7fc3-4506-baf0-83fcf319fad9,0.1014-Default,2016-12-01T11:21:24.2945509+01:00,0,0Win:vsWindowTypeSolutionExplorer Solution Explorer,0Doc:SQL Server Tools \bin\Debug\Quaystone_6.publish.sql
fae623e6-ab30-452a-8395-0873bb6bdec1,0,0,0,0,0,0,0,0,0,0,0,0,0,0,,13b6d903-4acd-4411-9218-8ecd1bcf12dc,0.1014-Default,2016-12-02T14:04:30.9812191+01:00,0,,
fae623e6-ab30-452a-8395-0873bb6bdec1,0,0,0,0,0,0,0,0,0,0,0,0,0,0,,13b6d903-4acd-4411-9218-8ecd1bcf12dc,0.1014-Default,2016-12-02T14:04:30.9812191+01:00,0,0Win:vsWindowTypeOutput Output,0Doc:XML \spec\Quaystone.Specification\App.config
fae623e6-ab30-452a-8395-0873bb6bdec1,5,5,0,0,0,0,1,0,0,0,1,1,5,5,,9dae4063-554d-4202-a637-cd6b8b166659,0.1014-Default,2016-12-13T11:38:49.428746+01:00,0,,
ee1bf790-cc61-48f0-a955-b78fcddefe33,4,5,1,1,1,1,1,1,1,1,1,2,6,6,,028e4817-35f8-471d-aa95-1c76de7a1820,0.1014-Default,2016-12-02T08:55:08.9774105+01:00,0,,
ee1bf790-cc61-48f0-a955-b78fcddefe33,4,5,1,1,1,1,1,1,1,1,1,2,6,6,,028e4817-35f8-471d-aa95-1c76de7a1820,0.1014-Default,2016-12-02T08:55:08.9774105+01:00,0,0Win:vsWindowTypeToolWindow Start Page,
d21d4f97-133f-4775-8b44-14c0bf33e3dc,5,5,0,1,0,1,0,1,0,0,0,0,5,5,,6ba0532e-047b-46be-a0e1-7925b5918e7e,0.1014-Default,2016-12-03T20:41:38.9163412+01:00,0,,
d21d4f97-133f-4775-8b44-14c0bf33e3dc,5,5,0,1,0,1,0,1,0,0,0,0,5,5,,7abf21ee-fc18-45f0-a134-7a5088fbfab8,0.1014-Default,2016-12-18T21:57:23.163346+01:00,0,0Win:vsWindowTypeToolWindow Start Page,
d21d4f97-133f-4775-8b44-14c0bf33e3dc,5,5,0,1,0,1,0,1,0,0,0,0,5,5,,7abf21ee-fc18-45f0-a134-7a5088fbfab8,0.1014-Default,2016-12-18T21:57:23.163346+01:00,0,,
3e1eba03-2547-4333-8e4c-f5f16d06ecef,0,0,0,1,0,0,0,1,0,0,0,0,5,5,,96422510-f79f-4501-901d-645b6eb830b3,0.1015-Default,2016-12-17T09:33:51.4779519+01:00,0,,
3e1eba03-2547-4333-8e4c-f5f16d06ecef,0,0,0,1,0,0,0,1,0,0,0,0,5,5,,af78fb83-140c-43c8-90ad-4fb0fc626f5b,0.1015-Default,2017-01-08T15:54:35.2238376+01:00,0,,
3e1eba03-2547-4333-8e4c-f5f16d06ecef,0,0,0,1,0,0,0,1,0,0,0,0,5,5,,a4403bef-0bd1-4696-83f4-c331f6a7be14,0.1015-Default,2017-01-22T08:05:13.5914012+01:00,0,0Win:vsWindowTypeToolWindow Startseite,
3e1eba03-2547-4333-8e4c-f5f16d06ecef,0,0,0,1,0,0,0,1,0,0,0,0,5,5,,a4403bef-0bd1-4696-83f4-c331f6a7be14,0.1015-Default,2017-01-22T08:05:13.5914012+01:00,0,,
cb7dbc6f-9728-4ddc-8ae0-4917be037e82,5,5,0,0,1,1,0,1,1,0,0,2,5,6,,50d68f99-ac6a-4280-878b-d1a332cd0429,0.1015-Default,2016-12-21T12:11:50.5462614+01:00,0,0Win:vsWindowTypeToolWindow Event Manager,0Doc:CSharp icongressnotificationsubscriptionselector.cs
cb7dbc6f-9728-4ddc-8ae0-4917be037e82,5,5,0,0,1,1,0,1,1,0,0,2,5,6,,50d68f99-ac6a-4280-878b-d1a332cd0429,0.1015-Default,2016-12-21T12:11:50.5462614+01:00,0,,
d80169ec-e315-4fbd-8fbf-edec0fe8228d,3,2,1,1,0,0,0,1,1,1,0,1,4,2,,710346cb-e410-4470-ba9a-764670534862,0.1015-Default,2016-12-23T16:51:12.5318956+01:00,0,,
d80169ec-e315-4fbd-8fbf-edec0fe8228d,3,2,1,1,0,0,0,1,1,1,0,1,4,2,,710346cb-e410-4470-ba9a-764670534862,0.1015-Default,2016-12-23T16:51:12.5318956+01:00,0,0Win:vsWindowTypeOutput Output,0Doc:C/C++ \11_dijkstra\dij.cpp
d80169ec-e315-4fbd-8fbf-edec0fe8228d,3,2,1,1,0,0,0,1,1,1,0,1,4,2,,ee71e929-19af-432b-9208-615222e8628f,0.1015-Default,2016-12-24T17:27:28.6109543+01:00,0,,
d80169ec-e315-4fbd-8fbf-edec0fe8228d,3,2,1,1,0,0,0,1,1,1,0,1,4,2,,ee71e929-19af-432b-9208-615222e8628f,0.1015-Default,2016-12-24T17:27:28.6109543+01:00,0,0Win:vsWindowTypeDocument Point.cpp,0Doc:C/C++ \distance_points\Point.cpp
d80169ec-e315-4fbd-8fbf-edec0fe8228d,3,2,1,1,0,0,0,1,1,1,0,1,4,2,,a685ba56-7ede-4c55-9d80-36ff15182b45,0.1015-Default,2016-12-30T17:25:01.2821882+01:00,0,,
d80169ec-e315-4fbd-8fbf-edec0fe8228d,3,2,1,1,0,0,0,1,1,1,0,1,4,2,,9949b32c-a413-43f0-b537-59f266ceff45,0.1015-Default,2017-01-08T17:25:20.3344908+01:00,0,,
d80169ec-e315-4fbd-8fbf-edec0fe8228d,3,2,1,1,0,0,0,1,1,1,0,1,4,2,,d877d41b-1e33-4899-9199-184d369bc145,0.1015-Default,2017-01-17T22:25:01.4438201+01:00,0,,
d80169ec-e315-4fbd-8fbf-edec0fe8228d,3,2,1,1,0,0,0,1,1,1,0,1,4,2,,e32152d7-e290-4141-bbc1-de04665ffed2,0.1015-Default,2017-01-28T16:43:15.5612326+01:00,0,,
3008a5d8-e761-4049-82e2-b06b6cc81453,0,0,0,0,0,0,0,0,0,0,0,0,6,7,,db6636c0-71dd-4898-a4ed-cbe50b125fe5,0.1015-Default,2016-12-24T10:18:06.6554097+01:00,0,,
3008a5d8-e761-4049-82e2-b06b6cc81453,0,0,0,0,0,0,0,0,0,0,0,0,6,7,,83b876a1-ec77-46a7-b271-7f8d9ceebca7,0.1015-Default,2017-01-02T06:50:24.5728069+01:00,0,,
714f9c84-3e11-4dc3-aaa9-45297b1752ac,4,5,0,0,0,0,1,0,0,0,1,2,7,7,,a35ccc85-39fc-490a-a7a4-013ab3bd8e37,0.1013-Default,2017-01-16T14:25:42.695069+01:00,0,0Win:vsWindowTypeDocument ReactsClient.cs,0Doc:CSharp \IIT.Reacts.Engine\Core\ReactsClient.cs
714f9c84-3e11-4dc3-aaa9-45297b1752ac,4,5,0,0,0,0,1,0,0,0,1,2,7,7,,a35ccc85-39fc-490a-a7a4-013ab3bd8e37,0.1013-Default,2017-01-16T14:25:42.695069+01:00,0,,
714f9c84-3e11-4dc3-aaa9-45297b1752ac,4,5,0,0,0,0,1,0,0,0,1,2,7,7,,31a2920a-a682-467f-ae0c-644972555921,0.1013-Default,2017-01-16T20:26:21.3908096+01:00,0,0Win:vsWindowTypeDocument Program.cs,0Doc:CSharp program.cs
714f9c84-3e11-4dc3-aaa9-45297b1752ac,4,5,0,0,0,0,1,0,0,0,1,2,7,7,,31a2920a-a682-467f-ae0c-644972555921,0.1013-Default,2017-01-16T20:26:21.3908096+01:00,0,,
714f9c84-3e11-4dc3-aaa9-45297b1752ac,4,5,0,0,0,0,1,0,0,0,1,2,7,7,,6eac9090-2d4c-4af0-93e0-0a3f8e1fed50,0.1013-Default,2017-01-17T21:11:15.9246573+01:00,0,,
714f9c84-3e11-4dc3-aaa9-45297b1752ac,4,5,0,0,0,0,1,0,0,0,1,2,7,7,,6eac9090-2d4c-4af0-93e0-0a3f8e1fed50,0.1013-Default,2017-01-17T21:11:15.9246573+01:00,0,0Win:vsWindowTypeDocument MetricsTimerCacheTests.cs,0Doc:CSharp \IIT.Common.Testing.Unit\Tests\MetricsTimerCacheTests.cs
714f9c84-3e11-4dc3-aaa9-45297b1752ac,4,5,0,0,0,0,1,0,0,0,1,2,7,7,,31a2920a-a682-467f-ae0c-644972555921,0.1013-Default,2017-01-17T22:13:51.8719069+01:00,0,0Win:vsWindowTypeDocument Program.cs,0Doc:CSharp program.cs
714f9c84-3e11-4dc3-aaa9-45297b1752ac,4,5,0,0,0,0,1,0,0,0,1,2,7,7,,31a2920a-a682-467f-ae0c-644972555921,0.1013-Default,2017-01-17T22:13:51.8719069+01:00,0,,
955e7bcc-f7cb-4049-8b6e-dbc6ea3f2b44,0,0,0,0,0,0,0,0,0,0,0,0,5,6,,3184a9ff-5cf3-49fb-8dc5-1535c536bf71,0.1015-Default,2017-01-27T06:14:18.9793071+01:00,0,,
955e7bcc-f7cb-4049-8b6e-dbc6ea3f2b44,0,0,0,0,0,0,0,0,0,0,0,0,5,6,,3184a9ff-5cf3-49fb-8dc5-1535c536bf71,0.1015-Default,2017-01-27T06:14:18.9793071+01:00,0,0Win:vsWindowTypeSolutionExplorer Solution Explorer,
37d04c30-e34b-4648-95f3-0186cd5ee993,0,0,0,0,0,0,0,0,0,0,0,0,0,0,,4f973119-7b35-4d4f-8772-17b0cc154a6a,0.1015-Default,2017-02-01T02:18:42.2714023+01:00,0,,
152b3880-4adc-46af-926e-af42df25f428,0,0,0,0,0,0,0,0,0,0,0,0,0,0,,510a28a2-e887-41ad-ac03-1649a6f07678,0.1015-Default,2017-02-24T04:00:43.1388745+01:00,0,,
00d90f9d-5702-4fe7-be75-5f8c202b460e,0,0,0,0,0,0,0,0,0,0,0,0,0,0,,5994f97b-6159-4e20-9e43-32d55b2b36c7,0.1004-Default,2016-05-03T15:44:01.5362763+02:00,0,0Win:vsWindowTypeDocument RazorCompiler.cs,0Doc:CSharp \CrunchyFrog.SiteBox.Mvc.Common\CompiledViews\RazorCompiler.cs
00d90f9d-5702-4fe7-be75-5f8c202b460e,0,0,0,0,0,0,0,0,0,0,0,0,0,0,,042add56-9cd6-48ff-bc58-15f7ef2c76ea,0.1004-Default,2016-05-04T16:36:32.2275538+02:00,0,0Win:vsWindowTypeToolWindow Find Results 1,
90905684-23b0-4235-a21a-da8ce36afcbc,4,2,1,0,0,0,0,1,0,0,0,1,4,4,,77ff5d58-d2ef-476b-98ff-fb8b17872d55,0.1000-Default,2016-04-12T10:57:27.8087975+02:00,0,0Win:vsWindowTypeDocument DbTransaksjonerVakt.cs,0Doc:CSharp dbtransaksjonervakt.cs
90905684-23b0-4235-a21a-da8ce36afcbc,4,2,1,0,0,0,0,1,0,0,0,1,4,4,,48b25aed-d847-430e-bd84-175cd0cf5944,0.1000-Default,2016-04-12T18:01:05.9803052+02:00,0,0Win:vsWindowTypeDocument Index.cshtml,0Doc:HTMLX \Jobbplan\Views\Vakt\Index.cshtml
eb31e1d4-a714-43fa-a5fe-775e2dc1e385,5,5,0,1,1,0,0,1,0,0,0,0,4,5,,69656bd7-1c41-4193-917d-288425517765,0.1000-Default,2016-04-12T01:37:53.9243422+02:00,0,0Win:vsWindowTypeToolWindow Properties,
eb31e1d4-a714-43fa-a5fe-775e2dc1e385,5,5,0,1,1,0,0,1,0,0,0,0,4,5,,df71cb1b-ff93-40e9-afe4-85ce899c4e81,0.1000-Default,2016-04-23T15:05:36.3514659+02:00,0,0Win:vsWindowTypeDocument SwapManager.fs,0Doc:F# \Swap.Core\SwapManager.fs
eb31e1d4-a714-43fa-a5fe-775e2dc1e385,5,5,0,1,1,0,0,1,0,0,0,0,4,5,,8a2cec70-9ae5-4f73-808c-ab5602a06771,0.1001-Default,2016-05-01T14:42:11.834566+02:00,0,0Win:vsWindowTypeDocument Program.cs,0Doc:CSharp \BtcAccountingPocConsoleApp\Program.cs
1fb55b98-29b9-48f8-8bf5-b76420655a88,0,5,0,0,0,1,0,0,1,1,0,2,3,3,,74bb79b8-9c4e-4603-add5-a917f5b89a0a,0.1004-Default,2016-04-25T17:25:50.0587858+02:00,0,0Win:vsWindowTypeToolWindow Start Page,
1fb55b98-29b9-48f8-8bf5-b76420655a88,0,5,0,0,0,1,0,0,1,1,0,2,3,3,,9811b1e9-0165-4829-a082-57123d49d2db,0.1004-Default,2016-04-26T17:40:37.2631341+02:00,0,0Win:vsWindowTypeDocument AliasService.cs,0Doc:CSharp \Orchestrator\Services\AliasService.cs
dc639601-f1de-4b25-9a4e-619d7b3cd343,2,1,0,1,0,0,0,1,0,0,0,0,4,5,,41aac97e-f9f1-44e2-ac05-87b7804d91b9,0.1003-Default,2016-05-05T13:50:42.1616103+02:00,0,0Win:vsWindowTypeToolWindow Start Page,
ae7ec729-d2a9-4317-94fe-7fa3ac889efc,5,5,1,1,1,1,1,1,1,0,0,0,7,5,,2c2bb8aa-7803-414c-a7db-b556fc545304,0.1004-Default,2016-05-31T19:07:36.2610707+02:00,0,0Win:vsWindowTypeToolWindow Start Page,
112c8133-3aa9-4612-9c90-8fe126d58290,5,1,1,1,1,0,0,1,0,0,0,2,5,5,,b3ff151d-a032-46f6-8aa8-8137ff3a4769,0.1014-Default,2016-08-31T09:57:49.5545725+02:00,0,0Win:vsWindowTypeToolWindow Start Page,
112c8133-3aa9-4612-9c90-8fe126d58290,5,1,1,1,1,0,0,1,0,0,0,2,5,5,,b3ff151d-a032-46f6-8aa8-8137ff3a4769,0.1014-Default,2016-08-31T09:57:49.5545725+02:00,0,,
408c7ec8-4056-4e99-8262-5b1d237d1820,0,0,0,1,1,0,1,1,0,1,0,2,5,6,,295a7c74-74f8-4f9b-84c9-43b50571f7c9,0.1014-Default,2016-09-13T08:47:06.4550355+02:00,0,,
408c7ec8-4056-4e99-8262-5b1d237d1820,0,0,0,1,1,0,1,1,0,1,0,2,5,6,,5714f8be-9789-4828-a780-c6b9cdee155d,0.1014-Default,2016-09-18T08:31:07.0591357+02:00,0,,
408c7ec8-4056-4e99-8262-5b1d237d1820,0,0,0,1,1,0,1,1,0,1,0,2,5,6,,73c2cbc1-1c2c-4051-889a-24aae3bdc4f2,0.1014-Default,2016-10-02T13:22:20.5537031+02:00,0,,
408c7ec8-4056-4e99-8262-5b1d237d1820,0,0,0,1,1,0,1,1,0,1,0,2,5,6,,ba1699aa-19ce-4939-b9c8-ea02449b774d,0.1014-Default,2016-10-06T10:31:03.8307737+02:00,0,0Win:vsWindowTypeDocument EventPublisher.cs,0Doc:CSharp \Invoices\Publisher\EventPublisher.cs
408c7ec8-4056-4e99-8262-5b1d237d1820,0,0,0,1,1,0,1,1,0,1,0,2,5,6,,ba1699aa-19ce-4939-b9c8-ea02449b774d,0.1014-Default,2016-10-06T10:31:03.8307737+02:00,0,,
408c7ec8-4056-4e99-8262-5b1d237d1820,0,0,0,1,1,0,1,1,0,1,0,2,5,6,,5b3ba886-3705-4cc9-9e05-b7e5139d5711,0.1014-Default,2016-10-15T15:06:00.9774587+02:00,0,,
408c7ec8-4056-4e99-8262-5b1d237d1820,0,0,0,1,1,0,1,1,0,1,0,2,5,6,,8fcdcf70-fe51-41b5-b80b-6911ec6eac65,0.1014-Default,2016-10-22T13:02:24.6786616+02:00,0,,
408c7ec8-4056-4e99-8262-5b1d237d1820,0,0,0,1,1,0,1,1,0,1,0,2,5,6,,4f94658c-9588-4ea1-91c3-16b1fb3071d5,0.1014-Default,2016-10-29T11:08:45.5899112+02:00,0,,
306dfe04-1000-491f-9af6-693b48d0287e,5,5,0,0,0,0,1,0,0,1,1,1,6,7,,2adc70e3-573d-4750-9755-c1b5e5bb25b8,0.1003-Default,2016-08-02T10:16:03.779196+02:00,0,0Win:vsWindowTypeDocument Create.cshtml,0Doc:HTMLX create.cshtml
306dfe04-1000-491f-9af6-693b48d0287e,5,5,0,0,0,0,1,0,0,1,1,1,6,7,,14f35b29-1f4c-4a5e-ac2a-0d8ebd206f22,0.1003-Default,2016-08-03T13:32:01.6934534+02:00,0,0Win:vsWindowTypeDocument CrudJobVacancyController.cs,0Doc:CSharp \Emso.WebUi\Controllers\CrudJobVacancyController.cs
306dfe04-1000-491f-9af6-693b48d0287e,5,5,0,0,0,0,1,0,0,1,1,1,6,7,,0a1e8dae-edc6-4c31-b256-01fbbfb52f0c,0.1003-Default,2016-08-18T13:10:31.1477209+02:00,0,0Win:vsWindowTypeDocument rssFeed.js,0Doc:JavaScript \Emso.WebUi\Scripts\custom\rssFeed.js
78c2056b-bc39-456d-a152-1a1b31b75486,4,5,0,1,0,0,0,1,0,0,0,0,5,5,,9b60e06a-bde2-4171-810d-6479d9843640,0.1015-Default,2017-01-04T22:28:07.9605401+01:00,0,,
78c2056b-bc39-456d-a152-1a1b31b75486,4,5,0,1,0,0,0,1,0,0,0,0,5,5,,9b60e06a-bde2-4171-810d-6479d9843640,0.1015-Default,2017-01-04T22:28:07.9605401+01:00,0,0Win:vsWindowTypeToolWindow Error List,0Doc:CSharp \AccountProvisionService\Adjuncts\ProvisionAdjunct.cs
78c2056b-bc39-456d-a152-1a1b31b75486,4,5,0,1,0,0,0,1,0,0,0,0,5,5,,dd6c5765-374d-40a6-9a79-9c4b0790c232,0.1015-Default,2017-01-12T23:33:07.1696428+01:00,0,0Win:vsWindowTypeDocument frmMaint_ApplicationSettings.cs,0Doc:CSharp \AccountProvisionService\Maintenance_Forms\frmMaint_ApplicationSettings.cs
78c2056b-bc39-456d-a152-1a1b31b75486,4,5,0,1,0,0,0,1,0,0,0,0,5,5,,dd6c5765-374d-40a6-9a79-9c4b0790c232,0.1015-Default,2017-01-12T23:33:07.1696428+01:00,0,,
78c2056b-bc39-456d-a152-1a1b31b75486,4,5,0,1,0,0,0,1,0,0,0,0,5,5,,fe1ffbd1-4c06-4f10-9fc3-dd2067651a4b,0.1015-Default,2017-01-30T23:05:49.0120223+01:00,0,0Win:vsWindowTypeDocument frmDocument.cs,0Doc:CSharp \AccountProvisionService\MainForms\frmDocument.cs
78c2056b-bc39-456d-a152-1a1b31b75486,4,5,0,1,0,0,0,1,0,0,0,0,5,5,,2ed189d0-772f-4b95-968c-944e866a602e,0.1015-Default,2017-02-07T23:59:26.2938044+01:00,0,,
78c2056b-bc39-456d-a152-1a1b31b75486,4,5,0,1,0,0,0,1,0,0,0,0,5,5,,2ed189d0-772f-4b95-968c-944e866a602e,0.1015-Default,2017-02-07T23:59:26.2938044+01:00,0,0Win:vsWindowTypeDocument MainForm.cs,0Doc:CSharp \AccountProvisionService\MainForms\MainForm.cs
78c2056b-bc39-456d-a152-1a1b31b75486,4,5,0,1,0,0,0,1,0,0,0,0,5,5,,1cf41075-4fde-4a55-b8e3-9b5d3ac19cf8,0.1015-Default,2017-02-21T22:34:27.2031631+01:00,0,,
78c2056b-bc39-456d-a152-1a1b31b75486,4,5,0,1,0,0,0,1,0,0,0,0,5,5,,1cf41075-4fde-4a55-b8e3-9b5d3ac19cf8,0.1015-Default,2017-02-21T22:34:27.2031631+01:00,0,0Win:vsWindowTypeDocument UtilityForms.cs,0Doc:CSharp \AccountProvisionService\Utilities\UtilityForms.cs
64db556c-ef53-419a-8817-2dfaed612e68,4,5,0,0,0,1,0,0,0,1,0,1,4,6,,fa20784c-7c21-4f4f-965c-0219d7028b90,0.1014-Default,2016-09-29T15:32:42.5168049+02:00,0,,
64db556c-ef53-419a-8817-2dfaed612e68,4,5,0,0,0,1,0,0,0,1,0,1,4,6,,7e150605-2c06-49c8-836f-7143571e3838,0.1014-Default,2016-10-03T13:48:34.2803727+02:00,0,0Win:vsWindowTypeToolWindow Start Page,
64db556c-ef53-419a-8817-2dfaed612e68,4,5,0,0,0,1,0,0,0,1,0,1,4,6,,0001efd9-3849-481a-86bd-afd47037efb9,0.1014-Default,2016-10-04T15:38:23.2981266+02:00,0,0Win:vsWindowTypeSolutionExplorer Solution Explorer,0Doc:TypeScript \typings\azure-mobile-apps\azure-mobile-apps.d.ts
64db556c-ef53-419a-8817-2dfaed612e68,4,5,0,0,0,1,0,0,0,1,0,1,4,6,,da4cf1c8-1e93-482c-a921-c89642cc0cc5,0.1014-Default,2016-10-05T14:57:40.6124295+02:00,0,0Win:vsWindowTypeDocument Form1.cs,0Doc:CSharp \Capita.Reporting.Capstock.Manager.Client\Form1.cs
64db556c-ef53-419a-8817-2dfaed612e68,4,5,0,0,0,1,0,0,0,1,0,1,4,6,,278157b2-b880-410f-9807-9066f2b2f17d,0.1014-Default,2016-10-05T15:19:48.2082501+02:00,0,0Win:vsWindowTypeDocument WorkerRole.cs,0Doc:CSharp \Capita.Documentation.ContentProvider\WorkerRole.cs
64db556c-ef53-419a-8817-2dfaed612e68,4,5,0,0,0,1,0,0,0,1,0,1,4,6,,4abce7e3-1858-4619-b35c-4d1a840326c8,0.1014-Default,2016-10-06T13:19:56.9700649+02:00,0,,
64db556c-ef53-419a-8817-2dfaed612e68,4,5,0,0,0,1,0,0,0,1,0,1,4,6,,10948ef1-3fb9-447a-a43c-b5cf8e4009ed,0.1014-Default,2016-11-01T15:45:19.092993+01:00,0,,
64db556c-ef53-419a-8817-2dfaed612e68,4,5,0,0,0,1,0,0,0,1,0,1,4,6,,10948ef1-3fb9-447a-a43c-b5cf8e4009ed,0.1014-Default,2016-11-01T15:45:19.092993+01:00,0,0Win:vsWindowTypeToolWindow Properties,
64db556c-ef53-419a-8817-2dfaed612e68,4,5,0,0,0,1,0,0,0,1,0,1,4,6,,370addbd-d837-4c68-8ded-4fdd8a30ed5a,0.1014-Default,2016-11-02T16:01:34.1981443+01:00,0,0Win:vsWindowTypeDocument TransientErrorWrapper.cs,0Doc:CSharp \Capita.Reporting.Capstock.Manager.ServiceLogic\TransientError\TransientErrorWrapper.cs
64db556c-ef53-419a-8817-2dfaed612e68,4,5,0,0,0,1,0,0,0,1,0,1,4,6,,e185438d-616e-4b7b-96a4-6619ad30ce8c,0.1014-Default,2016-11-02T16:01:34.2101435+01:00,0,,
64db556c-ef53-419a-8817-2dfaed612e68,4,5,0,0,0,1,0,0,0,1,0,1,4,6,,e185438d-616e-4b7b-96a4-6619ad30ce8c,0.1014-Default,2016-11-02T16:01:34.2101435+01:00,0,0Win:vsWindowTypeDocument TransientErrorWrapper.cs,0Doc:CSharp \Capita.Reporting.Common\TransientError\TransientErrorWrapper.cs
64db556c-ef53-419a-8817-2dfaed612e68,4,5,0,0,0,1,0,0,0,1,0,1,4,6,,b05daf58-4a39-4293-8e01-60af72beaa64,0.1014-Default,2016-11-10T10:49:47.9156623+01:00,0,0Win:vsWindowTypeDocument NuGet - Solution,
64db556c-ef53-419a-8817-2dfaed612e68,4,5,0,0,0,1,0,0,0,1,0,1,4,6,,a561c236-6230-4d85-84c5-4482afd28c62,0.1014-Default,2016-11-11T16:44:44.2854898+01:00,0,0Win:vsWindowTypeToolWindow Unit Test Sessions - Session,0Doc:CSharp \Capita.Reporting.ManagerTests\Reports\CompliancePeriod\CompliancePeriodMessageHandlerTests.cs
64db556c-ef53-419a-8817-2dfaed612e68,4,5,0,0,0,1,0,0,0,1,0,1,4,6,,2b455391-11c8-4242-9072-d36d33b081a2,0.1014-Default,2016-11-21T11:42:59.9053428+01:00,0,0Win:vsWindowTypeToolWindow Start Page,
64db556c-ef53-419a-8817-2dfaed612e68,4,5,0,0,0,1,0,0,0,1,0,1,4,6,,80d01b02-4a22-4f59-882c-dac7440260d1,0.1014-Default,2016-12-14T12:22:30.7995781+01:00,0,0Win:vsWindowTypeDocument DependencyInjectionRegistationTests.cs,0Doc:CSharp dependencyinjectionregistationtests.cs
4ea7407e-94d5-43ba-9563-6c9caced4142,0,0,0,0,0,0,0,0,0,0,0,0,0,0,,4362517d-7f5e-43f8-88ff-be03f5824c27,0.1015-Default,2017-01-10T09:12:22.2365592+01:00,0,,
4ea7407e-94d5-43ba-9563-6c9caced4142,0,0,0,0,0,0,0,0,0,0,0,0,0,0,,4362517d-7f5e-43f8-88ff-be03f5824c27,0.1015-Default,2017-01-10T09:12:22.2365592+01:00,0,0Win:vsWindowTypeDocument SearchResponse.cs,0Doc:CSharp \Aeroclub.Transfers.Shared\Dto\SearchResponse.cs
4ea7407e-94d5-43ba-9563-6c9caced4142,0,5,0,0,0,1,1,0,0,1,0,1,5,6,,3f79ac40-a145-4761-b003-e364054bbe4b,0.1015-Default,2017-01-11T08:58:11.8130673+01:00,0,,
4ea7407e-94d5-43ba-9563-6c9caced4142,0,5,0,0,0,1,1,0,0,1,0,1,5,6,,3f79ac40-a145-4761-b003-e364054bbe4b,0.1015-Default,2017-01-11T08:58:11.8130673+01:00,0,0Win:vsWindowTypeOutput Output,
930f71f7-2dd0-4020-b806-e04733bee886,2,5,0,0,0,0,0,1,1,1,0,1,6,6,,fb8003b5-9a89-4371-81b6-779eef8a15b2,0.1014-Default,2016-12-12T15:31:41.2766705+01:00,0,,
930f71f7-2dd0-4020-b806-e04733bee886,2,5,0,0,0,0,0,1,1,1,0,1,6,6,,2063ffe6-c026-420f-9e92-ec6fb2c2ee99,0.1014-Default,2016-12-13T20:02:46.1140244+01:00,0,,
930f71f7-2dd0-4020-b806-e04733bee886,2,5,0,0,0,0,0,1,1,1,0,1,6,6,,2063ffe6-c026-420f-9e92-ec6fb2c2ee99,0.1014-Default,2016-12-13T20:02:46.1140244+01:00,0,0Win:vsWindowTypeDocument DiscreteReconDialog.cs,0Doc:CSharp \NextGen\Hie\NextGen.HIE.Discrete.Ui\DiscreteReconDialog.cs
930f71f7-2dd0-4020-b806-e04733bee886,2,5,0,0,0,0,0,1,1,1,0,1,6,6,,22a65ed2-7d08-4dfd-8ffc-b1ec7d3d670e,0.1014-Default,2016-12-20T21:40:40.4116789+01:00,0,0Win:vsWindowTypeDocument UniversalCdaViewer.cs,0Doc:CSharp universalcdaviewer.cs
930f71f7-2dd0-4020-b806-e04733bee886,2,5,0,0,0,0,0,1,1,1,0,1,6,6,,784f546b-fdea-4481-be91-c4c22e57ad40,0.1014-Default,2016-12-20T22:12:05.8262015+01:00,0,0Win:vsWindowTypeDocument GenericReconControl.cs,0Doc:CSharp GenericReconControl.cs
930f71f7-2dd0-4020-b806-e04733bee886,2,5,0,0,0,0,0,1,1,1,0,1,6,6,,2744a235-098c-45db-8e1c-d324b23d97fc,0.1014-Default,2016-12-21T21:17:30.0699531+01:00,0,0Win:vsWindowTypeDocument SectionGrid.cs,0Doc:CSharp sectiongrid.cs
cb4b97c9-245c-4e6b-8b94-48578061c8b4,0,0,0,0,0,0,0,0,0,0,0,0,0,0,,5b3eb409-58f5-4b08-9150-f42bc2ff1370,0.1015-Default,2016-12-26T18:08:52.8327367+01:00,0,0Win:vsWindowTypeSolutionExplorer Solution Explorer,0Doc: ~vs6329.dgml
cb4b97c9-245c-4e6b-8b94-48578061c8b4,0,0,0,0,0,0,0,0,0,0,0,0,0,0,,7fc17948-6b4c-4df1-ad74-810e39ee0dc6,0.1015-Default,2016-12-28T19:26:36.3451501+01:00,0,0Win:vsWindowTypeDocument CoreEx.cs,0Doc:CSharp coreex.cs
49cd1adb-1250-4da6-9945-992e06e7d9bd,5,5,0,0,0,1,1,0,0,1,1,1,6,6,,f5333eb2-13c0-4b50-b8f6-c0fc3b906bed,0.1010-Default,2016-07-01T12:55:28.2115679+02:00,0,0Win:vsWindowTypeToolWindow Start Page,
49cd1adb-1250-4da6-9945-992e06e7d9bd,5,5,0,0,0,1,1,0,0,1,1,1,6,6,,c9863dca-7d2d-411d-be9b-fbe2f84fbf3a,0.1010-Default,2016-07-04T13:52:33.5291844+02:00,0,0Win:vsWindowTypeDocument EmailHelpers.cs,0Doc:CSharp \UBSSecuraFileImport\Helpers\Email\EmailHelpers.cs
49cd1adb-1250-4da6-9945-992e06e7d9bd,5,5,0,0,0,1,1,0,0,1,1,1,6,6,,49f3f5ed-1bba-4dc0-a39f-48e5e8cf8dcc,0.1010-Default,2016-07-06T11:26:14.5234228+02:00,0,0Win:vsWindowTypeOutput Output,
49cd1adb-1250-4da6-9945-992e06e7d9bd,5,5,0,0,0,1,1,0,0,1,1,1,6,6,,c2d18909-121a-469d-b471-3c9fbd020c79,0.1010-Default,2016-07-11T10:53:11.6332988+02:00,0,0Win:vsWindowTypeDocument App.config,0Doc:XML \Source\NordnetImport\App.config
49cd1adb-1250-4da6-9945-992e06e7d9bd,5,5,0,0,0,1,1,0,0,1,1,1,6,6,,000a3e9f-46d4-4bc8-99de-f4578aa6b2a8,0.1010-Default,2016-07-13T15:33:07.6525498+02:00,0,0Win:vsWindowTypeDocument DateIntervalCalculator.cs,0Doc:CSharp \Source\Securities.Model\Src\Se\SoderbergPartners\Securities\Utils\DateIntervalCalculator.cs
49cd1adb-1250-4da6-9945-992e06e7d9bd,5,5,0,0,0,1,1,0,0,1,1,1,6,6,,99eb918e-7446-4b79-9329-d0eedc3264aa,0.1010-Default,2016-07-15T11:37:06.5257615+02:00,0,0Win:vsWindowTypeSolutionExplorer Solution Explorer,0Doc:XML \UBSSecuraFileImport\app.Release.config
49cd1adb-1250-4da6-9945-992e06e7d9bd,5,5,0,0,0,1,1,0,0,1,1,1,6,6,,598bb829-4c88-4951-9675-7492bd7928de,0.1010-Default,2016-07-19T14:57:08.5143319+02:00,0,0Win:vsWindowTypeDocument ImportPreProcessor.cs,0Doc:CSharp importpreprocessor.cs
49cd1adb-1250-4da6-9945-992e06e7d9bd,5,5,0,0,0,1,1,0,0,1,1,1,6,6,,c875d921-84e3-45cb-9e4b-11eeb50ad7f8,0.1010-Default,2016-07-25T13:34:20.8946704+02:00,0,0Win:vsWindowTypeSolutionExplorer Solution Explorer,0Doc:CSharp \UBSSecuraFileImport\FileProcessing\3. DbImport\FiletypeSpecificProcessing\VpchDbProcessor.cs
49cd1adb-1250-4da6-9945-992e06e7d9bd,5,5,0,0,0,1,1,0,0,1,1,1,6,6,,5dbd2534-e7fd-4c3a-8495-7bc445625e5b,0.1010-Default,2016-08-04T07:52:50.1255674+02:00,0,0Win:vsWindowTypeToolWindow Start Page,
49cd1adb-1250-4da6-9945-992e06e7d9bd,5,5,0,0,0,1,1,0,0,1,1,1,6,6,,49d99bfe-bc6f-41ba-b8aa-9be7767e3fed,0.1012-Default,2016-08-11T15:04:59.118919+02:00,0,0Win:vsWindowTypeDocument VpctDbProcessor.cs,0Doc:CSharp \UBSSecuraFileImport\FileProcessing\3. DbImport\FiletypeSpecificProcessing\VpctDbProcessor.cs
49cd1adb-1250-4da6-9945-992e06e7d9bd,5,5,0,0,0,1,1,0,0,1,1,1,6,6,,49d99bfe-bc6f-41ba-b8aa-9be7767e3fed,0.1012-Default,2016-08-11T15:04:59.118919+02:00,0,,
43e107f8-5682-48a1-bcce-972cc031704c,0,0,0,0,0,0,0,0,0,0,0,0,0,0,,ffc444d0-8382-4e52-9f04-3c42601ec739,0.1009-Default,2016-06-14T20:30:30.0914572+02:00,0,0Win:vsWindowTypeToolWindow Package Manager Console,
43e107f8-5682-48a1-bcce-972cc031704c,2,1,0,1,0,0,0,1,0,0,0,2,3,5,,3b83dce8-cbb6-487b-bc00-f073293220d2,0.1010-Default,2016-06-23T07:35:05.8910369+02:00,0,0Win:vsWindowTypeToolWindow Error List,
43e107f8-5682-48a1-bcce-972cc031704c,2,1,0,1,0,0,0,1,0,0,0,2,3,5,,e4414aaf-7683-4d0a-a3d1-23acf58d328c,0.1010-Default,2016-07-02T21:57:53.9823746+02:00,0,0Win:vsWindowTypeToolWindow Package Manager Console,0Doc:CSharp \OrangeSlice\Models\Stock.cs
43e107f8-5682-48a1-bcce-972cc031704c,2,1,0,1,0,0,0,1,0,0,0,2,3,5,,a2c21cc9-99e8-4e7b-93ef-d18d30826c72,0.1010-Default,2016-07-10T08:37:06.3228881+02:00,0,0Win:vsWindowTypeDocument quartzConfig.xml,0Doc:XML \MarketStateMachine\quartzConfig.xml
43e107f8-5682-48a1-bcce-972cc031704c,2,1,0,1,0,0,0,1,0,0,0,2,3,5,,7e7a5d6f-1f20-4b4f-95e4-359cef6b6b2c,0.1010-Default,2016-07-25T19:32:55.755342+02:00,0,0Win:vsWindowTypeToolWindow Package Manager Console,
559b4420-2bb5-43fa-979e-57f7c0cee7a6,5,5,0,0,0,1,0,0,1,0,0,1,6,7,,d4a58302-c6bd-4221-ae31-3f9872fab68c,0.1015-Default,2016-12-19T12:55:33.6323075+01:00,0,0Win:vsWindowTypeDocument EmailService.cs,0Doc:CSharp emailservice.cs
559b4420-2bb5-43fa-979e-57f7c0cee7a6,5,5,0,0,0,1,0,0,1,0,0,1,6,7,,d4a58302-c6bd-4221-ae31-3f9872fab68c,0.1015-Default,2016-12-19T12:55:33.6323075+01:00,0,,
559b4420-2bb5-43fa-979e-57f7c0cee7a6,5,5,0,0,0,1,0,0,1,0,0,1,6,7,,5544f411-fbfd-47bd-9ff0-9dadd6ae89de,0.1015-Default,2016-12-21T13:00:12.7296781+01:00,0,,
559b4420-2bb5-43fa-979e-57f7c0cee7a6,5,5,0,0,0,1,0,0,1,0,0,1,6,7,,5544f411-fbfd-47bd-9ff0-9dadd6ae89de,0.1015-Default,2016-12-21T13:00:12.7296781+01:00,0,0Win:vsWindowTypeSolutionExplorer Solution Explorer,
559b4420-2bb5-43fa-979e-57f7c0cee7a6,5,5,0,0,0,1,0,0,1,0,0,1,6,7,,17368361-82fd-4be0-84c7-7ab19ca2c238,0.1015-Default,2017-01-09T10:13:39.9497424+01:00,0,,
559b4420-2bb5-43fa-979e-57f7c0cee7a6,5,5,0,0,0,1,0,0,1,0,0,1,6,7,,21a9e2d0-1d11-4700-8574-db6e8711c742,0.1015-Default,2017-01-10T14:06:12.6376944+01:00,0,,
559b4420-2bb5-43fa-979e-57f7c0cee7a6,5,5,0,0,0,1,0,0,1,0,0,1,6,7,,9ea41b01-f465-4da0-8e16-090308db808c,0.1015-Default,2017-01-13T13:01:05.8842902+01:00,0,,
559b4420-2bb5-43fa-979e-57f7c0cee7a6,5,5,0,0,0,1,0,0,1,0,0,1,6,7,,9ea41b01-f465-4da0-8e16-090308db808c,0.1015-Default,2017-01-13T13:01:05.8842902+01:00,0,0Win:vsWindowTypeDocument ScheduledUserReportService.cs,0Doc:CSharp \src\3manager.PrintingInsights.Persistence\UserReports\ScheduledUserReportService.cs
559b4420-2bb5-43fa-979e-57f7c0cee7a6,5,5,0,0,0,1,0,0,1,0,0,1,6,7,,b6c641a3-4f27-492e-a266-d44805e06bcd,0.1015-Default,2017-01-20T09:21:13.6633101+01:00,0,,
559b4420-2bb5-43fa-979e-57f7c0cee7a6,5,5,0,0,0,1,0,0,1,0,0,1,6,7,,b6c641a3-4f27-492e-a266-d44805e06bcd,0.1015-Default,2017-01-20T09:21:13.6633101+01:00,0,0Win:vsWindowTypeToolWindow Start Page,
559b4420-2bb5-43fa-979e-57f7c0cee7a6,5,5,0,0,0,1,0,0,1,0,0,1,6,7,,70154ade-8b6e-4296-8890-d7d8e6d72694,0.1015-Default,2017-01-27T08:30:30.9872479+01:00,0,0Win:vsWindowTypeToolWindow Start Page,
559b4420-2bb5-43fa-979e-57f7c0cee7a6,5,5,0,0,0,1,0,0,1,0,0,1,6,7,,70154ade-8b6e-4296-8890-d7d8e6d72694,0.1015-Default,2017-01-27T08:30:30.9872479+01:00,0,,
